<?xml version="1.0" encoding="UTF-8"?>
<definitions xmlns="http://www.omg.org/spec/BPMN/20100524/MODEL" xmlns:xsi="http://www.w3.org/2001/XMLSchema-instance" xmlns:xsd="http://www.w3.org/2001/XMLSchema" xmlns:activiti="http://activiti.org/bpmn" xmlns:bpmndi="http://www.omg.org/spec/BPMN/20100524/DI" xmlns:omgdc="http://www.omg.org/spec/DD/20100524/DC" xmlns:omgdi="http://www.omg.org/spec/DD/20100524/DI" typeLanguage="http://www.w3.org/2001/XMLSchema" expressionLanguage="http://www.w3.org/1999/XPath" targetNamespace="http://www.activiti.org/test">
  <process id="TruckAllocationProcess" name="TruckAllocationProcess" isExecutable="true">
    <startEvent id="startevent1" name="Start"></startEvent>
    <sequenceFlow id="flow1" sourceRef="startevent1" targetRef="parallelgateway1"></sequenceFlow>
    <userTask id="select_truck" name="Select a truck" activiti:candidateGroups="staff"></userTask>
    <sequenceFlow id="flow2" sourceRef="parallelgateway1" targetRef="select_truck"></sequenceFlow>
    <userTask id="select_driver" name="Select driver" activiti:candidateGroups="staff"></userTask>
    <sequenceFlow id="flow3" sourceRef="parallelgateway1" targetRef="select_driver"></sequenceFlow>
    <sequenceFlow id="flow4" sourceRef="select_driver" targetRef="parallelgateway2"></sequenceFlow>
    <sequenceFlow id="flow5" sourceRef="select_truck" targetRef="parallelgateway2"></sequenceFlow>
    <userTask id="inform_travel" name="Inform travel details" activiti:candidateGroups="staff"></userTask>
    <sequenceFlow id="flow6" sourceRef="parallelgateway2" targetRef="inform_travel"></sequenceFlow>
    <endEvent id="endevent1" name="End"></endEvent>
    <sequenceFlow id="flow7" sourceRef="inform_travel" targetRef="endevent1"></sequenceFlow>
    <parallelGateway id="parallelgateway1" name="Exclusive Gateway"></parallelGateway>
    <parallelGateway id="parallelgateway2" name="Exclusive Gateway"></parallelGateway>
  </process>
  <bpmndi:BPMNDiagram id="BPMNDiagram_TruckAllocationProcess">
    <bpmndi:BPMNPlane bpmnElement="TruckAllocationProcess" id="BPMNPlane_TruckAllocationProcess">
      <bpmndi:BPMNShape bpmnElement="startevent1" id="BPMNShape_startevent1">
        <omgdc:Bounds height="35.0" width="35.0" x="60.0" y="240.0"></omgdc:Bounds>
      </bpmndi:BPMNShape>
      <bpmndi:BPMNShape bpmnElement="select_truck" id="BPMNShape_select_truck">
        <omgdc:Bounds height="55.0" width="105.0" x="220.0" y="170.0"></omgdc:Bounds>
      </bpmndi:BPMNShape>
      <bpmndi:BPMNShape bpmnElement="select_driver" id="BPMNShape_select_driver">
        <omgdc:Bounds height="55.0" width="105.0" x="220.0" y="300.0"></omgdc:Bounds>
      </bpmndi:BPMNShape>
      <bpmndi:BPMNShape bpmnElement="inform_travel" id="BPMNShape_inform_travel">
        <omgdc:Bounds height="55.0" width="105.0" x="455.0" y="231.0"></omgdc:Bounds>
      </bpmndi:BPMNShape>
      <bpmndi:BPMNShape bpmnElement="endevent1" id="BPMNShape_endevent1">
        <omgdc:Bounds height="35.0" width="35.0" x="605.0" y="241.0"></omgdc:Bounds>
      </bpmndi:BPMNShape>
      <bpmndi:BPMNShape bpmnElement="parallelgateway1" id="BPMNShape_parallelgateway1">
        <omgdc:Bounds height="40.0" width="40.0" x="140.0" y="238.0"></omgdc:Bounds>
      </bpmndi:BPMNShape>
      <bpmndi:BPMNShape bpmnElement="parallelgateway2" id="BPMNShape_parallelgateway2">
        <omgdc:Bounds height="40.0" width="40.0" x="370.0" y="238.0"></omgdc:Bounds>
      </bpmndi:BPMNShape>
      <bpmndi:BPMNEdge bpmnElement="flow1" id="BPMNEdge_flow1">
        <omgdi:waypoint x="95.0" y="257.0"></omgdi:waypoint>
        <omgdi:waypoint x="140.0" y="258.0"></omgdi:waypoint>
      </bpmndi:BPMNEdge>
      <bpmndi:BPMNEdge bpmnElement="flow2" id="BPMNEdge_flow2">
        <omgdi:waypoint x="160.0" y="238.0"></omgdi:waypoint>
        <omgdi:waypoint x="160.0" y="197.0"></omgdi:waypoint>
        <omgdi:waypoint x="220.0" y="197.0"></omgdi:waypoint>
      </bpmndi:BPMNEdge>
      <bpmndi:BPMNEdge bpmnElement="flow3" id="BPMNEdge_flow3">
        <omgdi:waypoint x="160.0" y="278.0"></omgdi:waypoint>
        <omgdi:waypoint x="160.0" y="327.0"></omgdi:waypoint>
        <omgdi:waypoint x="220.0" y="327.0"></omgdi:waypoint>
      </bpmndi:BPMNEdge>
      <bpmndi:BPMNEdge bpmnElement="flow4" id="BPMNEdge_flow4">
        <omgdi:waypoint x="325.0" y="327.0"></omgdi:waypoint>
        <omgdi:waypoint x="389.0" y="327.0"></omgdi:waypoint>
        <omgdi:waypoint x="390.0" y="278.0"></omgdi:waypoint>
      </bpmndi:BPMNEdge>
      <bpmndi:BPMNEdge bpmnElement="flow5" id="BPMNEdge_flow5">
        <omgdi:waypoint x="325.0" y="197.0"></omgdi:waypoint>
        <omgdi:waypoint x="390.0" y="197.0"></omgdi:waypoint>
        <omgdi:waypoint x="390.0" y="238.0"></omgdi:waypoint>
      </bpmndi:BPMNEdge>
      <bpmndi:BPMNEdge bpmnElement="flow6" id="BPMNEdge_flow6">
        <omgdi:waypoint x="410.0" y="258.0"></omgdi:waypoint>
        <omgdi:waypoint x="455.0" y="258.0"></omgdi:waypoint>
      </bpmndi:BPMNEdge>
      <bpmndi:BPMNEdge bpmnElement="flow7" id="BPMNEdge_flow7">
        <omgdi:waypoint x="560.0" y="258.0"></omgdi:waypoint>
        <omgdi:waypoint x="605.0" y="258.0"></omgdi:waypoint>
      </bpmndi:BPMNEdge>
    </bpmndi:BPMNPlane>
  </bpmndi:BPMNDiagram>
</definitions>