<metadata xmlns="http://www.wso2.org/governance/metadata"><overview><name>Truck allocation process</name><version>1.0.0</version><owner>admin</owner><businessuser>mike</businessuser><businessuseremail>mike@gt.com</businessuseremail><createdtime>00000001470986315174</createdtime><description>Process for allocating trucks for warehouse shipment orders. This process should not be used for shipments that are not originating from main warehouses.</description></overview><properties><processtextpath>processText/Truck allocation process/1.0.0</processtextpath><bpmnpath>bpmn/Truck allocation process/1.0.0</bpmnpath><bpmnid>ad6ce750-1a4a-46d3-abe4-78b2164572b5</bpmnid></properties><flowchart><path>NA</path></flowchart><images><thumbnail>images_thumbnail</thumbnail></images></metadata>