<?xml version="1.0" encoding="UTF-8"?>
<definitions xmlns="http://www.omg.org/spec/BPMN/20100524/MODEL" xmlns:xsi="http://www.w3.org/2001/XMLSchema-instance" xmlns:xsd="http://www.w3.org/2001/XMLSchema" xmlns:activiti="http://activiti.org/bpmn" xmlns:bpmndi="http://www.omg.org/spec/BPMN/20100524/DI" xmlns:omgdc="http://www.omg.org/spec/DD/20100524/DC" xmlns:omgdi="http://www.omg.org/spec/DD/20100524/DI" typeLanguage="http://www.w3.org/2001/XMLSchema" expressionLanguage="http://www.w3.org/1999/XPath" targetNamespace="http://www.activiti.org/test">
  <process id="ShipmentCostProcess" name="ShipmentCostProcess" isExecutable="true">
    <startEvent id="startevent1" name="Start"></startEvent>
    <userTask id="retreive_shipment" name="Retreive shipment details" activiti:candidateGroups="staff"></userTask>
    <sequenceFlow id="flow1" sourceRef="startevent1" targetRef="retreive_shipment"></sequenceFlow>
    <exclusiveGateway id="exclusivegateway1" name="Exclusive Gateway"></exclusiveGateway>
    <sequenceFlow id="flow2" sourceRef="retreive_shipment" targetRef="exclusivegateway1"></sequenceFlow>
    <userTask id="compute_transport" name="Estimate transport cost" activiti:candidateGroups="staff"></userTask>
    <sequenceFlow id="flow3" sourceRef="exclusivegateway1" targetRef="compute_transport"></sequenceFlow>
    <userTask id="compute_tolls" name="Estimate tolls" activiti:candidateGroups="staff"></userTask>
    <sequenceFlow id="flow4" sourceRef="exclusivegateway1" targetRef="compute_tolls"></sequenceFlow>
    <userTask id="compute_insurance" name="Obtain insurance cost" activiti:candidateGroups="staff"></userTask>
    <sequenceFlow id="flow5" sourceRef="exclusivegateway1" targetRef="compute_insurance"></sequenceFlow>
    <exclusiveGateway id="exclusivegateway2" name="Exclusive Gateway"></exclusiveGateway>
    <sequenceFlow id="flow6" sourceRef="compute_tolls" targetRef="exclusivegateway2"></sequenceFlow>
    <sequenceFlow id="flow7" sourceRef="compute_transport" targetRef="exclusivegateway2"></sequenceFlow>
    <sequenceFlow id="flow8" sourceRef="compute_insurance" targetRef="exclusivegateway2"></sequenceFlow>
    <userTask id="prepare_report" name="Prepare cost report" activiti:candidateGroups="staff"></userTask>
    <sequenceFlow id="flow9" sourceRef="exclusivegateway2" targetRef="prepare_report"></sequenceFlow>
    <endEvent id="endevent1" name="End"></endEvent>
    <sequenceFlow id="flow10" sourceRef="prepare_report" targetRef="endevent1"></sequenceFlow>
  </process>
  <bpmndi:BPMNDiagram id="BPMNDiagram_ShipmentCostProcess">
    <bpmndi:BPMNPlane bpmnElement="ShipmentCostProcess" id="BPMNPlane_ShipmentCostProcess">
      <bpmndi:BPMNShape bpmnElement="startevent1" id="BPMNShape_startevent1">
        <omgdc:Bounds height="35.0" width="35.0" x="70.0" y="210.0"></omgdc:Bounds>
      </bpmndi:BPMNShape>
      <bpmndi:BPMNShape bpmnElement="retreive_shipment" id="BPMNShape_retreive_shipment">
        <omgdc:Bounds height="55.0" width="105.0" x="150.0" y="200.0"></omgdc:Bounds>
      </bpmndi:BPMNShape>
      <bpmndi:BPMNShape bpmnElement="exclusivegateway1" id="BPMNShape_exclusivegateway1">
        <omgdc:Bounds height="40.0" width="40.0" x="300.0" y="208.0"></omgdc:Bounds>
      </bpmndi:BPMNShape>
      <bpmndi:BPMNShape bpmnElement="compute_transport" id="BPMNShape_compute_transport">
        <omgdc:Bounds height="55.0" width="105.0" x="380.0" y="100.0"></omgdc:Bounds>
      </bpmndi:BPMNShape>
      <bpmndi:BPMNShape bpmnElement="compute_tolls" id="BPMNShape_compute_tolls">
        <omgdc:Bounds height="55.0" width="105.0" x="385.0" y="201.0"></omgdc:Bounds>
      </bpmndi:BPMNShape>
      <bpmndi:BPMNShape bpmnElement="compute_insurance" id="BPMNShape_compute_insurance">
        <omgdc:Bounds height="55.0" width="105.0" x="380.0" y="300.0"></omgdc:Bounds>
      </bpmndi:BPMNShape>
      <bpmndi:BPMNShape bpmnElement="exclusivegateway2" id="BPMNShape_exclusivegateway2">
        <omgdc:Bounds height="40.0" width="40.0" x="535.0" y="209.0"></omgdc:Bounds>
      </bpmndi:BPMNShape>
      <bpmndi:BPMNShape bpmnElement="prepare_report" id="BPMNShape_prepare_report">
        <omgdc:Bounds height="55.0" width="105.0" x="620.0" y="202.0"></omgdc:Bounds>
      </bpmndi:BPMNShape>
      <bpmndi:BPMNShape bpmnElement="endevent1" id="BPMNShape_endevent1">
        <omgdc:Bounds height="35.0" width="35.0" x="770.0" y="212.0"></omgdc:Bounds>
      </bpmndi:BPMNShape>
      <bpmndi:BPMNEdge bpmnElement="flow1" id="BPMNEdge_flow1">
        <omgdi:waypoint x="105.0" y="227.0"></omgdi:waypoint>
        <omgdi:waypoint x="150.0" y="227.0"></omgdi:waypoint>
      </bpmndi:BPMNEdge>
      <bpmndi:BPMNEdge bpmnElement="flow2" id="BPMNEdge_flow2">
        <omgdi:waypoint x="255.0" y="227.0"></omgdi:waypoint>
        <omgdi:waypoint x="300.0" y="228.0"></omgdi:waypoint>
      </bpmndi:BPMNEdge>
      <bpmndi:BPMNEdge bpmnElement="flow3" id="BPMNEdge_flow3">
        <omgdi:waypoint x="320.0" y="208.0"></omgdi:waypoint>
        <omgdi:waypoint x="320.0" y="127.0"></omgdi:waypoint>
        <omgdi:waypoint x="380.0" y="127.0"></omgdi:waypoint>
      </bpmndi:BPMNEdge>
      <bpmndi:BPMNEdge bpmnElement="flow4" id="BPMNEdge_flow4">
        <omgdi:waypoint x="340.0" y="228.0"></omgdi:waypoint>
        <omgdi:waypoint x="385.0" y="228.0"></omgdi:waypoint>
      </bpmndi:BPMNEdge>
      <bpmndi:BPMNEdge bpmnElement="flow5" id="BPMNEdge_flow5">
        <omgdi:waypoint x="320.0" y="248.0"></omgdi:waypoint>
        <omgdi:waypoint x="320.0" y="327.0"></omgdi:waypoint>
        <omgdi:waypoint x="380.0" y="327.0"></omgdi:waypoint>
      </bpmndi:BPMNEdge>
      <bpmndi:BPMNEdge bpmnElement="flow6" id="BPMNEdge_flow6">
        <omgdi:waypoint x="490.0" y="228.0"></omgdi:waypoint>
        <omgdi:waypoint x="535.0" y="229.0"></omgdi:waypoint>
      </bpmndi:BPMNEdge>
      <bpmndi:BPMNEdge bpmnElement="flow7" id="BPMNEdge_flow7">
        <omgdi:waypoint x="485.0" y="127.0"></omgdi:waypoint>
        <omgdi:waypoint x="555.0" y="127.0"></omgdi:waypoint>
        <omgdi:waypoint x="555.0" y="209.0"></omgdi:waypoint>
      </bpmndi:BPMNEdge>
      <bpmndi:BPMNEdge bpmnElement="flow8" id="BPMNEdge_flow8">
        <omgdi:waypoint x="485.0" y="327.0"></omgdi:waypoint>
        <omgdi:waypoint x="555.0" y="327.0"></omgdi:waypoint>
        <omgdi:waypoint x="555.0" y="249.0"></omgdi:waypoint>
      </bpmndi:BPMNEdge>
      <bpmndi:BPMNEdge bpmnElement="flow9" id="BPMNEdge_flow9">
        <omgdi:waypoint x="575.0" y="229.0"></omgdi:waypoint>
        <omgdi:waypoint x="620.0" y="229.0"></omgdi:waypoint>
      </bpmndi:BPMNEdge>
      <bpmndi:BPMNEdge bpmnElement="flow10" id="BPMNEdge_flow10">
        <omgdi:waypoint x="725.0" y="229.0"></omgdi:waypoint>
        <omgdi:waypoint x="770.0" y="229.0"></omgdi:waypoint>
      </bpmndi:BPMNEdge>
    </bpmndi:BPMNPlane>
  </bpmndi:BPMNDiagram>
</definitions>