<metadata xmlns="http://www.wso2.org/governance/metadata"><overview><name>Shipment cost calculation process</name><version>1.0.0</version><owner>admin</owner><businessuser>jim</businessuser><businessuseremail>jim@gt.com</businessuseremail><createdtime>00000001470986683732</createdtime><description>Procedure for computing shipment costs by considering all expenses applicable for transporting items.</description></overview><properties><processtextpath>processText/Shipment cost calculation process/1.0.0</processtextpath><bpmnpath>bpmn/Shipment cost calculation process/1.0.0</bpmnpath><bpmnid>c8dffc1c-be7c-417b-9227-7ca9bd616bf2</bpmnid></properties><flowchart><path>NA</path></flowchart><images><thumbnail>images_thumbnail</thumbnail></images></metadata>