<?xml version="1.0" encoding="UTF-8"?>
<definitions xmlns="http://www.omg.org/spec/BPMN/20100524/MODEL" xmlns:xsi="http://www.w3.org/2001/XMLSchema-instance" xmlns:xsd="http://www.w3.org/2001/XMLSchema" xmlns:activiti="http://activiti.org/bpmn" xmlns:bpmndi="http://www.omg.org/spec/BPMN/20100524/DI" xmlns:omgdc="http://www.omg.org/spec/DD/20100524/DC" xmlns:omgdi="http://www.omg.org/spec/DD/20100524/DI" typeLanguage="http://www.w3.org/2001/XMLSchema" expressionLanguage="http://www.w3.org/1999/XPath" targetNamespace="http://www.activiti.org/test">
  <process id="PackagingProcess" name="PackagingProcess" isExecutable="true">
    <startEvent id="startevent1" name="Start"></startEvent>
    <userTask id="allocate_container" name="Allocate container" activiti:candidateGroups="staff"></userTask>
    <sequenceFlow id="flow1" sourceRef="startevent1" targetRef="allocate_container"></sequenceFlow>
    <userTask id="pack_items" name="Pack items" activiti:candidateGroups="staff"></userTask>
    <sequenceFlow id="flow2" sourceRef="allocate_container" targetRef="pack_items"></sequenceFlow>
    <userTask id="record_metrics" name="Record package metrics" activiti:candidateGroups="staff"></userTask>
    <sequenceFlow id="flow3" sourceRef="pack_items" targetRef="record_metrics"></sequenceFlow>
    <userTask id="assign_truck" name="Assign to truck" activiti:candidateGroups="staff"></userTask>
    <sequenceFlow id="flow4" sourceRef="record_metrics" targetRef="assign_truck"></sequenceFlow>
    <endEvent id="endevent1" name="End"></endEvent>
    <sequenceFlow id="flow5" sourceRef="assign_truck" targetRef="endevent1"></sequenceFlow>
  </process>
  <bpmndi:BPMNDiagram id="BPMNDiagram_PackagingProcess">
    <bpmndi:BPMNPlane bpmnElement="PackagingProcess" id="BPMNPlane_PackagingProcess">
      <bpmndi:BPMNShape bpmnElement="startevent1" id="BPMNShape_startevent1">
        <omgdc:Bounds height="35.0" width="35.0" x="60.0" y="230.0"></omgdc:Bounds>
      </bpmndi:BPMNShape>
      <bpmndi:BPMNShape bpmnElement="allocate_container" id="BPMNShape_allocate_container">
        <omgdc:Bounds height="55.0" width="105.0" x="140.0" y="220.0"></omgdc:Bounds>
      </bpmndi:BPMNShape>
      <bpmndi:BPMNShape bpmnElement="pack_items" id="BPMNShape_pack_items">
        <omgdc:Bounds height="55.0" width="105.0" x="290.0" y="220.0"></omgdc:Bounds>
      </bpmndi:BPMNShape>
      <bpmndi:BPMNShape bpmnElement="record_metrics" id="BPMNShape_record_metrics">
        <omgdc:Bounds height="55.0" width="105.0" x="440.0" y="220.0"></omgdc:Bounds>
      </bpmndi:BPMNShape>
      <bpmndi:BPMNShape bpmnElement="assign_truck" id="BPMNShape_assign_truck">
        <omgdc:Bounds height="55.0" width="105.0" x="590.0" y="220.0"></omgdc:Bounds>
      </bpmndi:BPMNShape>
      <bpmndi:BPMNShape bpmnElement="endevent1" id="BPMNShape_endevent1">
        <omgdc:Bounds height="35.0" width="35.0" x="740.0" y="230.0"></omgdc:Bounds>
      </bpmndi:BPMNShape>
      <bpmndi:BPMNEdge bpmnElement="flow1" id="BPMNEdge_flow1">
        <omgdi:waypoint x="95.0" y="247.0"></omgdi:waypoint>
        <omgdi:waypoint x="140.0" y="247.0"></omgdi:waypoint>
      </bpmndi:BPMNEdge>
      <bpmndi:BPMNEdge bpmnElement="flow2" id="BPMNEdge_flow2">
        <omgdi:waypoint x="245.0" y="247.0"></omgdi:waypoint>
        <omgdi:waypoint x="290.0" y="247.0"></omgdi:waypoint>
      </bpmndi:BPMNEdge>
      <bpmndi:BPMNEdge bpmnElement="flow3" id="BPMNEdge_flow3">
        <omgdi:waypoint x="395.0" y="247.0"></omgdi:waypoint>
        <omgdi:waypoint x="440.0" y="247.0"></omgdi:waypoint>
      </bpmndi:BPMNEdge>
      <bpmndi:BPMNEdge bpmnElement="flow4" id="BPMNEdge_flow4">
        <omgdi:waypoint x="545.0" y="247.0"></omgdi:waypoint>
        <omgdi:waypoint x="590.0" y="247.0"></omgdi:waypoint>
      </bpmndi:BPMNEdge>
      <bpmndi:BPMNEdge bpmnElement="flow5" id="BPMNEdge_flow5">
        <omgdi:waypoint x="695.0" y="247.0"></omgdi:waypoint>
        <omgdi:waypoint x="740.0" y="247.0"></omgdi:waypoint>
      </bpmndi:BPMNEdge>
    </bpmndi:BPMNPlane>
  </bpmndi:BPMNDiagram>
</definitions>