<metadata xmlns="http://www.wso2.org/governance/metadata"><overview><name>Packaging process</name><version>1.0.0</version><owner>admin</owner><businessuser>mike</businessuser><businessuseremail>mike@gt.com</businessuseremail><createdtime>00000001470987791538</createdtime><description>Process for packaging items into containers before the actual shipment.</description></overview><properties><processtextpath>processText/Packaging process/1.0.0</processtextpath><bpmnpath>bpmn/Packaging process/1.0.0</bpmnpath><bpmnid>d9023ff7-0a93-4d66-a47d-1dcacbf9f632</bpmnid></properties><flowchart><path>NA</path></flowchart><images><thumbnail>images_thumbnail</thumbnail></images></metadata>