<?xml version="1.0" encoding="UTF-8"?>
<definitions xmlns="http://www.omg.org/spec/BPMN/20100524/MODEL" xmlns:xsi="http://www.w3.org/2001/XMLSchema-instance" xmlns:xsd="http://www.w3.org/2001/XMLSchema" xmlns:activiti="http://activiti.org/bpmn" xmlns:bpmndi="http://www.omg.org/spec/BPMN/20100524/DI" xmlns:omgdc="http://www.omg.org/spec/DD/20100524/DC" xmlns:omgdi="http://www.omg.org/spec/DD/20100524/DI" typeLanguage="http://www.w3.org/2001/XMLSchema" expressionLanguage="http://www.w3.org/1999/XPath" targetNamespace="http://www.activiti.org/test">
  <process id="ShipmentProcess" name="ShipmentProcess" isExecutable="true">
    <startEvent id="startevent1" name="Start"></startEvent>
    <userTask id="inspect_packages" name="Inspect packages" activiti:candidateGroups="staff"></userTask>
    <sequenceFlow id="flow1" sourceRef="startevent1" targetRef="inspect_packages"></sequenceFlow>
    <sequenceFlow id="flow2" sourceRef="inspect_packages" targetRef="parallelgateway1"></sequenceFlow>
    <parallelGateway id="parallelgateway1" name="Exclusive Gateway"></parallelGateway>
    <callActivity id="calculate_cost" name="Calculate cost" calledElement="ShipmentCostProcess"></callActivity>
    <callActivity id="allocate_truck" name="Allocate truck" calledElement="TruckAllocationProcess"></callActivity>
    <sequenceFlow id="flow3" sourceRef="parallelgateway1" targetRef="allocate_truck"></sequenceFlow>
    <sequenceFlow id="flow4" sourceRef="parallelgateway1" targetRef="calculate_cost"></sequenceFlow>
    <sequenceFlow id="flow5" sourceRef="calculate_cost" targetRef="parallelgateway2"></sequenceFlow>
    <parallelGateway id="parallelgateway2" name="Exclusive Gateway"></parallelGateway>
    <sequenceFlow id="flow6" sourceRef="allocate_truck" targetRef="parallelgateway2"></sequenceFlow>
    <userTask id="load_packages" name="Load packages" activiti:candidateGroups="staff"></userTask>
    <sequenceFlow id="flow7" sourceRef="parallelgateway2" targetRef="load_packages"></sequenceFlow>
    <endEvent id="endevent1" name="End"></endEvent>
    <sequenceFlow id="flow8" sourceRef="load_packages" targetRef="endevent1"></sequenceFlow>
  </process>
  <bpmndi:BPMNDiagram id="BPMNDiagram_ShipmentProcess">
    <bpmndi:BPMNPlane bpmnElement="ShipmentProcess" id="BPMNPlane_ShipmentProcess">
      <bpmndi:BPMNShape bpmnElement="startevent1" id="BPMNShape_startevent1">
        <omgdc:Bounds height="35.0" width="35.0" x="90.0" y="190.0"></omgdc:Bounds>
      </bpmndi:BPMNShape>
      <bpmndi:BPMNShape bpmnElement="inspect_packages" id="BPMNShape_inspect_packages">
        <omgdc:Bounds height="55.0" width="105.0" x="170.0" y="180.0"></omgdc:Bounds>
      </bpmndi:BPMNShape>
      <bpmndi:BPMNShape bpmnElement="parallelgateway1" id="BPMNShape_parallelgateway1">
        <omgdc:Bounds height="40.0" width="40.0" x="320.0" y="188.0"></omgdc:Bounds>
      </bpmndi:BPMNShape>
      <bpmndi:BPMNShape bpmnElement="calculate_cost" id="BPMNShape_calculate_cost">
        <omgdc:Bounds height="55.0" width="105.0" x="410.0" y="260.0"></omgdc:Bounds>
      </bpmndi:BPMNShape>
      <bpmndi:BPMNShape bpmnElement="allocate_truck" id="BPMNShape_allocate_truck">
        <omgdc:Bounds height="55.0" width="105.0" x="410.0" y="90.0"></omgdc:Bounds>
      </bpmndi:BPMNShape>
      <bpmndi:BPMNShape bpmnElement="parallelgateway2" id="BPMNShape_parallelgateway2">
        <omgdc:Bounds height="40.0" width="40.0" x="560.0" y="188.0"></omgdc:Bounds>
      </bpmndi:BPMNShape>
      <bpmndi:BPMNShape bpmnElement="load_packages" id="BPMNShape_load_packages">
        <omgdc:Bounds height="55.0" width="105.0" x="645.0" y="181.0"></omgdc:Bounds>
      </bpmndi:BPMNShape>
      <bpmndi:BPMNShape bpmnElement="endevent1" id="BPMNShape_endevent1">
        <omgdc:Bounds height="35.0" width="35.0" x="795.0" y="191.0"></omgdc:Bounds>
      </bpmndi:BPMNShape>
      <bpmndi:BPMNEdge bpmnElement="flow1" id="BPMNEdge_flow1">
        <omgdi:waypoint x="125.0" y="207.0"></omgdi:waypoint>
        <omgdi:waypoint x="170.0" y="207.0"></omgdi:waypoint>
      </bpmndi:BPMNEdge>
      <bpmndi:BPMNEdge bpmnElement="flow2" id="BPMNEdge_flow2">
        <omgdi:waypoint x="275.0" y="207.0"></omgdi:waypoint>
        <omgdi:waypoint x="320.0" y="208.0"></omgdi:waypoint>
      </bpmndi:BPMNEdge>
      <bpmndi:BPMNEdge bpmnElement="flow3" id="BPMNEdge_flow3">
        <omgdi:waypoint x="340.0" y="188.0"></omgdi:waypoint>
        <omgdi:waypoint x="340.0" y="117.0"></omgdi:waypoint>
        <omgdi:waypoint x="410.0" y="117.0"></omgdi:waypoint>
      </bpmndi:BPMNEdge>
      <bpmndi:BPMNEdge bpmnElement="flow4" id="BPMNEdge_flow4">
        <omgdi:waypoint x="340.0" y="228.0"></omgdi:waypoint>
        <omgdi:waypoint x="340.0" y="287.0"></omgdi:waypoint>
        <omgdi:waypoint x="410.0" y="287.0"></omgdi:waypoint>
      </bpmndi:BPMNEdge>
      <bpmndi:BPMNEdge bpmnElement="flow5" id="BPMNEdge_flow5">
        <omgdi:waypoint x="515.0" y="287.0"></omgdi:waypoint>
        <omgdi:waypoint x="579.0" y="287.0"></omgdi:waypoint>
        <omgdi:waypoint x="580.0" y="228.0"></omgdi:waypoint>
      </bpmndi:BPMNEdge>
      <bpmndi:BPMNEdge bpmnElement="flow6" id="BPMNEdge_flow6">
        <omgdi:waypoint x="515.0" y="117.0"></omgdi:waypoint>
        <omgdi:waypoint x="580.0" y="117.0"></omgdi:waypoint>
        <omgdi:waypoint x="580.0" y="188.0"></omgdi:waypoint>
      </bpmndi:BPMNEdge>
      <bpmndi:BPMNEdge bpmnElement="flow7" id="BPMNEdge_flow7">
        <omgdi:waypoint x="600.0" y="208.0"></omgdi:waypoint>
        <omgdi:waypoint x="645.0" y="208.0"></omgdi:waypoint>
      </bpmndi:BPMNEdge>
      <bpmndi:BPMNEdge bpmnElement="flow8" id="BPMNEdge_flow8">
        <omgdi:waypoint x="750.0" y="208.0"></omgdi:waypoint>
        <omgdi:waypoint x="795.0" y="208.0"></omgdi:waypoint>
      </bpmndi:BPMNEdge>
    </bpmndi:BPMNPlane>
  </bpmndi:BPMNDiagram>
</definitions>