{
     "predecessors": [{
          "LCState": "Published",
          "id": "/processes/Packaging process/1.0.0",
          "name": "Packaging process",
          "path": "/processes/Packaging process/1.0.0",
          "processId": "777d792b-9cb4-4465-aec3-fd9e8f3c14c0",
          "version": "1.0.0"
     }],
     "subprocesses": [
          {
               "LCState": "Development",
               "id": "/processes/Shipment cost calculation process/1.0.0",
               "name": "Shipment cost calculation process",
               "path": "/processes/Shipment cost calculation process/1.0.0",
               "processId": "ba178247-d589-4670-9b18-b3192320d9f4",
               "version": "1.0.0"
          },
          {
               "LCState": "Development",
               "id": "/processes/Truck allocation process/1.0.0",
               "name": "Truck allocation process",
               "path": "/processes/Truck allocation process/1.0.0",
               "processId": "b99af0ab-bac3-4b2c-a34f-b0dee191b303",
               "version": "1.0.0"
          }
     ],
     "successors": [{
          "LCState": "Development",
          "id": "/processes/Damage handling process/0.8.0",
          "name": "Damage handling process",
          "path": "/processes/Damage handling process/0.8.0",
          "processId": "a6f9bd29-aa2f-44f5-a930-60b7d2aaeeaa",
          "version": "0.8.0"
     }]
}