<p>&nbsp;</p>
<p>Shipment process can be started when a package is handed over to the logistics division with valid shipping details. Required shipping information for each region is desriped in the attached document named shipping_information.pdf.</p>
<p>Once a package is received it has to inspected by a clerk and verify whether package is suitable for shipping to the given address. Following information has to be captured at this stage:</p>
<ul>
<li>Weight of the package</li>
<li>Package dimensions</li>
<li>Item identifier and quantity for each packaged item</li>
<li>Note on possible fragile or inflammable materials</li>
</ul>
<p>Then the package is handed over to the shipping warehouse with clerl's report. A warehouse clerk allocates a suitable truck. At the same time, a senior clerk computes the total cost of shipment and informs the accounting division.</p>
<p>Once above steps are done, package is loaded to the allocated truck to be shipped.</p>
<p>&nbsp;</p>