<metadata xmlns="http://www.wso2.org/governance/metadata"><overview><name>Shipment process</name><version>1.0.0</version><owner>admin</owner><businessuser>mike</businessuser><businessuseremail>mike@gt.com</businessuseremail><createdtime>00000001470987626775</createdtime><description>Shipment process items sold by main warehouses.</description></overview><properties><processtextpath>processText/Shipment process/1.0.0</processtextpath><bpmnpath>bpmn/Shipment process/1.0.0</bpmnpath><bpmnid>012cbf65-62c4-455e-8740-d0428fdb1791</bpmnid></properties><flowchart><path>NA</path></flowchart><images><thumbnail>images_thumbnail</thumbnail></images><document><name>shipping_information</name><summary>Information required for shipping packages.</summary><url>NA</url><path>doccontent/Shipment process/1.0.0/shipping_information.pdf</path></document></metadata>