<?xml version="1.0" encoding="UTF-8" standalone="no"?>
<feature id="org.wso2.carbon.pc.analytics.core" label="WSO2 Carbon - PC Analytics - Core Feature" provider-name="%providerName" version="1.0.0.SNAPSHOT">
  <description>This feature contains the core bundles required for PC Analytics Explorer</description>
  <copyright>%copyright</copyright>
  <license url="%licenseURL">%license</license>
  <plugin id="org.wso2.carbon.pc.analytics.core" unpack="false" version="1.0.0.SNAPSHOT"/>
  <require>
    <import match="equivalent" plugin="org.apache.geronimo.specs.geronimo-jpa_2.0_spec" version="1.1"/>
    <import match="equivalent" plugin="org.apache.commons.lang3" version="3.3.2"/>
  </require>
</feature>
