<?xml version="1.0" encoding="UTF-8"?>
<definitions xmlns="http://www.omg.org/spec/BPMN/20100524/MODEL" xmlns:xsi="http://www.w3.org/2001/XMLSchema-instance" xmlns:xsd="http://www.w3.org/2001/XMLSchema" xmlns:activiti="http://activiti.org/bpmn" xmlns:bpmndi="http://www.omg.org/spec/BPMN/20100524/DI" xmlns:omgdc="http://www.omg.org/spec/DD/20100524/DC" xmlns:omgdi="http://www.omg.org/spec/DD/20100524/DI" typeLanguage="http://www.w3.org/2001/XMLSchema" expressionLanguage="http://www.w3.org/1999/XPath" targetNamespace="http://www.activiti.org/test">
  <process id="RefundProcess" name="RefundProcess" isExecutable="true">
    <startEvent id="startevent1" name="Start"></startEvent>
    <userTask id="eval_refund" name="Evaulate refund request" activiti:candidateGroups="staff"></userTask>
    <sequenceFlow id="flow1" sourceRef="startevent1" targetRef="eval_refund"></sequenceFlow>
    <userTask id="allocate_funds" name="Allocate funds" activiti:candidateGroups="staff"></userTask>
    <sequenceFlow id="flow2" sourceRef="eval_refund" targetRef="allocate_funds"></sequenceFlow>
    <userTask id="deposit_to_bank" name="Deposit to bank" activiti:candidateGroups="staff"></userTask>
    <sequenceFlow id="flow3" sourceRef="allocate_funds" targetRef="deposit_to_bank"></sequenceFlow>
    <endEvent id="endevent1" name="End"></endEvent>
    <sequenceFlow id="flow4" sourceRef="deposit_to_bank" targetRef="endevent1"></sequenceFlow>
  </process>
  <bpmndi:BPMNDiagram id="BPMNDiagram_RefundProcess">
    <bpmndi:BPMNPlane bpmnElement="RefundProcess" id="BPMNPlane_RefundProcess">
      <bpmndi:BPMNShape bpmnElement="startevent1" id="BPMNShape_startevent1">
        <omgdc:Bounds height="35.0" width="35.0" x="80.0" y="260.0"></omgdc:Bounds>
      </bpmndi:BPMNShape>
      <bpmndi:BPMNShape bpmnElement="eval_refund" id="BPMNShape_eval_refund">
        <omgdc:Bounds height="55.0" width="105.0" x="160.0" y="250.0"></omgdc:Bounds>
      </bpmndi:BPMNShape>
      <bpmndi:BPMNShape bpmnElement="allocate_funds" id="BPMNShape_allocate_funds">
        <omgdc:Bounds height="55.0" width="105.0" x="310.0" y="250.0"></omgdc:Bounds>
      </bpmndi:BPMNShape>
      <bpmndi:BPMNShape bpmnElement="deposit_to_bank" id="BPMNShape_deposit_to_bank">
        <omgdc:Bounds height="55.0" width="105.0" x="460.0" y="250.0"></omgdc:Bounds>
      </bpmndi:BPMNShape>
      <bpmndi:BPMNShape bpmnElement="endevent1" id="BPMNShape_endevent1">
        <omgdc:Bounds height="35.0" width="35.0" x="610.0" y="260.0"></omgdc:Bounds>
      </bpmndi:BPMNShape>
      <bpmndi:BPMNEdge bpmnElement="flow1" id="BPMNEdge_flow1">
        <omgdi:waypoint x="115.0" y="277.0"></omgdi:waypoint>
        <omgdi:waypoint x="160.0" y="277.0"></omgdi:waypoint>
      </bpmndi:BPMNEdge>
      <bpmndi:BPMNEdge bpmnElement="flow2" id="BPMNEdge_flow2">
        <omgdi:waypoint x="265.0" y="277.0"></omgdi:waypoint>
        <omgdi:waypoint x="310.0" y="277.0"></omgdi:waypoint>
      </bpmndi:BPMNEdge>
      <bpmndi:BPMNEdge bpmnElement="flow3" id="BPMNEdge_flow3">
        <omgdi:waypoint x="415.0" y="277.0"></omgdi:waypoint>
        <omgdi:waypoint x="460.0" y="277.0"></omgdi:waypoint>
      </bpmndi:BPMNEdge>
      <bpmndi:BPMNEdge bpmnElement="flow4" id="BPMNEdge_flow4">
        <omgdi:waypoint x="565.0" y="277.0"></omgdi:waypoint>
        <omgdi:waypoint x="610.0" y="277.0"></omgdi:waypoint>
      </bpmndi:BPMNEdge>
    </bpmndi:BPMNPlane>
  </bpmndi:BPMNDiagram>
</definitions>