<metadata xmlns="http://www.wso2.org/governance/metadata"><overview><name>Refund process</name><version>1.0.0</version><owner>admin</owner><businessuser>john</businessuser><businessuseremail>john@gt.com</businessuseremail><createdtime>00000001470987505189</createdtime><description>Process for handling refunds for items damaged during shipment.</description></overview><properties><processtextpath>processText/Refund process/1.0.0</processtextpath><bpmnpath>bpmn/Refund process/1.0.0</bpmnpath><bpmnid>03a67f30-fc41-4756-9d0d-676fa8fde2a3</bpmnid></properties><flowchart><path>NA</path></flowchart><images><thumbnail>images_thumbnail</thumbnail></images></metadata>