<p>This process is used for handling refunds for damaged items. Only refunds for the items damaged during shipments are handled.</p>
<p>In order to start this process, a valid damage claim with approval from the shipping unit has to be available.</p>
<p>A senior manager at the logistics division evaluates the refund request and approves for further processing. If the request is not approved, result is informed to the sales team.</p>
<p>After the evaluation step, accounting department is informed to allocate funds. A details evaluation report has to be provided for this step.</p>
<p>Once funds are allocated, customer details are obtained from the sales team and funds are deposited in customer's bank account.</p>
<p>&nbsp;</p>
<p>&nbsp;</p>