<?xml version="1.0" encoding="UTF-8"?>
<definitions xmlns="http://www.omg.org/spec/BPMN/20100524/MODEL" xmlns:xsi="http://www.w3.org/2001/XMLSchema-instance" xmlns:xsd="http://www.w3.org/2001/XMLSchema" xmlns:activiti="http://activiti.org/bpmn" xmlns:bpmndi="http://www.omg.org/spec/BPMN/20100524/DI" xmlns:omgdc="http://www.omg.org/spec/DD/20100524/DC" xmlns:omgdi="http://www.omg.org/spec/DD/20100524/DI" typeLanguage="http://www.w3.org/2001/XMLSchema" expressionLanguage="http://www.w3.org/1999/XPath" targetNamespace="http://www.activiti.org/test">
  <process id="DamageHandlingProcess" name="DamageHandlingProcess" isExecutable="true">
    <startEvent id="startevent1" name="Start"></startEvent>
    <userTask id="record_claim" name="Record damage claim" activiti:candidateGroups="staff"></userTask>
    <sequenceFlow id="flow1" sourceRef="startevent1" targetRef="record_claim"></sequenceFlow>
    <userTask id="inspect_damage" name="Inspect damaged product" activiti:candidateGroups="staff"></userTask>
    <sequenceFlow id="flow2" sourceRef="record_claim" targetRef="inspect_damage"></sequenceFlow>
    <endEvent id="endevent1" name="End"></endEvent>
    <callActivity id="callactivity1" name="Provide refund" calledElement="RefundProcess"></callActivity>
    <sequenceFlow id="flow3" sourceRef="inspect_damage" targetRef="callactivity1"></sequenceFlow>
    <sequenceFlow id="flow4" sourceRef="callactivity1" targetRef="endevent1"></sequenceFlow>
  </process>
  <bpmndi:BPMNDiagram id="BPMNDiagram_DamageHandlingProcess">
    <bpmndi:BPMNPlane bpmnElement="DamageHandlingProcess" id="BPMNPlane_DamageHandlingProcess">
      <bpmndi:BPMNShape bpmnElement="startevent1" id="BPMNShape_startevent1">
        <omgdc:Bounds height="35.0" width="35.0" x="80.0" y="240.0"></omgdc:Bounds>
      </bpmndi:BPMNShape>
      <bpmndi:BPMNShape bpmnElement="record_claim" id="BPMNShape_record_claim">
        <omgdc:Bounds height="55.0" width="105.0" x="160.0" y="230.0"></omgdc:Bounds>
      </bpmndi:BPMNShape>
      <bpmndi:BPMNShape bpmnElement="inspect_damage" id="BPMNShape_inspect_damage">
        <omgdc:Bounds height="55.0" width="105.0" x="310.0" y="230.0"></omgdc:Bounds>
      </bpmndi:BPMNShape>
      <bpmndi:BPMNShape bpmnElement="endevent1" id="BPMNShape_endevent1">
        <omgdc:Bounds height="35.0" width="35.0" x="610.0" y="240.0"></omgdc:Bounds>
      </bpmndi:BPMNShape>
      <bpmndi:BPMNShape bpmnElement="callactivity1" id="BPMNShape_callactivity1">
        <omgdc:Bounds height="55.0" width="105.0" x="470.0" y="230.0"></omgdc:Bounds>
      </bpmndi:BPMNShape>
      <bpmndi:BPMNEdge bpmnElement="flow1" id="BPMNEdge_flow1">
        <omgdi:waypoint x="115.0" y="257.0"></omgdi:waypoint>
        <omgdi:waypoint x="160.0" y="257.0"></omgdi:waypoint>
      </bpmndi:BPMNEdge>
      <bpmndi:BPMNEdge bpmnElement="flow2" id="BPMNEdge_flow2">
        <omgdi:waypoint x="265.0" y="257.0"></omgdi:waypoint>
        <omgdi:waypoint x="310.0" y="257.0"></omgdi:waypoint>
      </bpmndi:BPMNEdge>
      <bpmndi:BPMNEdge bpmnElement="flow3" id="BPMNEdge_flow3">
        <omgdi:waypoint x="415.0" y="257.0"></omgdi:waypoint>
        <omgdi:waypoint x="470.0" y="257.0"></omgdi:waypoint>
      </bpmndi:BPMNEdge>
      <bpmndi:BPMNEdge bpmnElement="flow4" id="BPMNEdge_flow4">
        <omgdi:waypoint x="575.0" y="257.0"></omgdi:waypoint>
        <omgdi:waypoint x="610.0" y="257.0"></omgdi:waypoint>
      </bpmndi:BPMNEdge>
    </bpmndi:BPMNPlane>
  </bpmndi:BPMNDiagram>
</definitions>