{
     "predecessors": [{
          "LCState": "Published",
          "id": "/processes/Shipment process/1.0.0",
          "name": "Shipment process",
          "path": "/processes/Shipment process/1.0.0",
          "processId": "ebf1ee01-8a4a-41f4-a4a9-fe2fd16e7ed2",
          "version": "1.0.0"
     }],
     "subprocesses": [{
          "LCState": "Development",
          "id": "/processes/Refund process/1.0.0",
          "name": "Refund process",
          "path": "/processes/Refund process/1.0.0",
          "processId": "2e09520f-95bd-47c3-8fa3-296b241b2be1",
          "version": "1.0.0"
     }],
     "successors": []
}