<metadata xmlns="http://www.wso2.org/governance/metadata"><overview><name>Damage handling process</name><version>0.8.0</version><owner>admin</owner><businessuser>mike</businessuser><businessuseremail>mike@gt.com</businessuseremail><createdtime>00000001470987934474</createdtime><description>Process for handling damage claims after products are shipped.</description></overview><properties><processtextpath>processText/Damage handling process/0.8.0</processtextpath><bpmnpath>bpmn/Damage handling process/0.8.0</bpmnpath><bpmnid>ae0d2197-f3be-4b04-98fd-dc625a3ef261</bpmnid></properties><flowchart><path>NA</path></flowchart><images><thumbnail>images_thumbnail</thumbnail></images><document><name>damage_report_periods</name><summary>Allowed time periods to report shipment related damages for different price ranges.</summary><url>NA</url><path>doccontent/Damage handling process/0.8.0/damage_report_periods.pdf</path></document></metadata>